Workbook

Sheet ukr_admgz_adm0
A1: ADM0_PCODE | B1: ADM1_COUNT | C1: ADM2_COUNT | D1: ADM3_COUNT | E1: ADM4_COUNT
A2: UA | B2: 27 | C2: 139 | D2: 1769 | E2: 29708

Sheet ukr_admgz_adm1
A1: ADM0_PCODE | B1: ADM1_PCODE | C1: Minrehion_CODE | D1: KOATUU_CODE | E1: ADM2_COUNT | F1: ADM3_COUNT | G1: ADM4_COUNT
A2: =LEFT(B2,2) -> UA | B2: UA01 | C2: UA01000000000013043 | D2: 0100000000 | E2: =COUNTIF(ukr_admgz_adm2!B:B,ukr_admgz_adm1!B2) -> 10 | F2: =COUNTIF(ukr_admgz_adm3!B:B,ukr_admgz_adm1!B2) -> 297 | G2: =COUNTIF(ukr_admgz_adm4!B:B,ukr_admgz_adm1!B2) -> 1050
A3: =LEFT(B3,2) -> UA | B3: UA71 | C3: UA71000000000010357 | D3: 7100000000 | E3: =COUNTIF(ukr_admgz_adm2!B:B,ukr_admgz_adm1!B3) -> 4 | F3: =COUNTIF(ukr_admgz_adm3!B:B,ukr_admgz_adm1!B3) -> 66 | G3: =COUNTIF(ukr_admgz_adm4!B:B,ukr_admgz_adm1!B3) -> 854
A4: =LEFT(B4,2) -> UA | B4: UA74 | C4: UA74000000000025378 | D4: 7400000000 | E4: =COUNTIF(ukr_admgz_adm2!B:B,ukr_admgz_adm1!B4) -> 5 | F4: =COUNTIF(ukr_admgz_adm3!B:B,ukr_admgz_adm1!B4) -> 57 | G4: =COUNTIF(ukr_admgz_adm4!B:B,ukr_admgz_adm1!B4) -> 1509
A5: =LEFT(B5,2) -> UA | B5: UA73 | C5: UA73000000000044923 | D5: 7300000000 | E5: =COUNTIF(ukr_admgz_adm2!B:B,ukr_admgz_adm1!B5) -> 3 | F5: =COUNTIF(ukr_admgz_adm3!B:B,ukr_admgz_adm1!B5) -> 52 | G5: =COUNTIF(ukr_admgz_adm4!B:B,ukr_admgz_adm1!B5) -> 417
A6: =LEFT(B6,2) -> UA | B6: UA12 | C6: UA12000000000090473 | D6: 1200000000 | E6: =COUNTIF(ukr_admgz_adm2!B:B,ukr_admgz_adm1!B6) -> 7 | F6: =COUNTIF(ukr_admgz_adm3!B:B,ukr_admgz_adm1!B6) -> 86 | G6: =COUNTIF(ukr_admgz_adm4!B:B,ukr_admgz_adm1!B6) -> 1500
A7: =LEFT(B7,2) -> UA | B7: UA14 | C7: UA14000000000091971 | D7: 1400000000 | E7: =COUNTIF(ukr_admgz_adm2!B:B,ukr_admgz_adm1!B7) -> 8 | F7: =COUNTIF(ukr_admgz_adm3!B:B,ukr_admgz_adm1!B7) -> 66 | G7: =COUNTIF(ukr_admgz_adm4!B:B,ukr_admgz_adm1!B7) -> 1298
A8: =LEFT(B8,2) -> UA | B8: UA26 | C8: UA26000000000069363 | D8: 2600000000 | E8: =COUNTIF(ukr_admgz_adm2!B:B,ukr_admgz_adm1!B8) -> 6 | F8: =COUNTIF(ukr_admgz_adm3!B:B,ukr_admgz_adm1!B8) -> 62 | G8: =COUNTIF(ukr_admgz_adm4!B:B,ukr_admgz_adm1!B8) -> 805
A9: =LEFT(B9,2) -> UA | B9: UA63 | C9: UA63000000000041885 | D9: 6300000000 | E9: =COUNTIF(ukr_admgz_adm2!B:B,ukr_admgz_adm1!B9) -> 7 | F9: =COUNTIF(ukr_admgz_adm3!B:B,ukr_admgz_adm1!B9) -> 56 | G9: =COUNTIF(ukr_admgz_adm4!B:B,ukr_admgz_adm1!B9) -> 1751
A10: =LEFT(B10,2) -> UA | B10: UA65 | C10: UA65000000000030969 | D10: 6500000000 | E10: =COUNTIF(ukr_admgz_adm2!B:B,ukr_admgz_adm1!B10) -> 5 | F10: =COUNTIF(ukr_admgz_adm3!B:B,ukr_admgz_adm1!B10) -> 49 | G10: =COUNTIF(ukr_admgz_adm4!B:B,ukr_admgz_adm1!B10) -> 696
A11: =LEFT(B11,2) -> UA | B11: UA68 | C11: UA68000000000099709 | D11: 6800000000 | E11: =COUNTIF(ukr_admgz_adm2!B:B,ukr_admgz_adm1!B11) -> 3 | F11: =COUNTIF(ukr_admgz_adm3!B:B,ukr_admgz_adm1!B11) -> 60 | G11: =COUNTIF(ukr_admgz_adm4!B:B,ukr_admgz_adm1!B11) -> 1451
A12: =LEFT(B12,2) -> UA | B12: UA35 | C12: UA35000000000016081 | D12: 3500000000 | E12: =COUNTIF(ukr_admgz_adm2!B:B,ukr_admgz_adm1!B12) -> 4 | F12: =COUNTIF(ukr_admgz_adm3!B:B,ukr_admgz_adm1!B12) -> 49 | G12: =COUNTIF(ukr_admgz_adm4!B:B,ukr_admgz_adm1!B12) -> 1027
A13: =LEFT(B13,2) -> UA | B13: UA80 | E13: =COUNTIF(ukr_admgz_adm2!B:B,ukr_admgz_adm1!B13) -> 1 | F13: =COUNTIF(ukr_admgz_adm3!B:B,ukr_admgz_adm1!B13) -> 1 | G13: =COUNTIF(ukr_admgz_adm4!B:B,ukr_admgz_adm1!B13) -> 1
A14: =LEFT(B14,2) -> UA | B14: UA32 | C14: UA32000000000030281 | D14: 3200000000 | E14: =COUNTIF(ukr_admgz_adm2!B:B,ukr_admgz_adm1!B14) -> 8 | F14: =COUNTIF(ukr_admgz_adm3!B:B,ukr_admgz_adm1!B14) -> 70 | G14: =COUNTIF(ukr_admgz_adm4!B:B,ukr_admgz_adm1!B14) -> 1182
A15: =LEFT(B15,2) -> UA | B15: UA44 | C15: UA44000000000018893 | D15: 4400000000 | E15: =COUNTIF(ukr_admgz_adm2!B:B,ukr_admgz_adm1!B15) -> 8 | F15: =COUNTIF(ukr_admgz_adm3!B:B,ukr_admgz_adm1!B15) -> 37 | G15: =COUNTIF(ukr_admgz_adm4!B:B,ukr_admgz_adm1!B15) -> 926
A16: =LEFT(B16,2) -> UA | B16: UA46 | C16: UA46000000000026241 | D16: 4600000000 | E16: =COUNTIF(ukr_admgz_adm2!B:B,ukr_admgz_adm1!B16) -> 7 | F16: =COUNTIF(ukr_admgz_adm3!B:B,ukr_admgz_adm1!B16) -> 73 | G16: =COUNTIF(ukr_admgz_adm4!B:B,ukr_admgz_adm1!B16) -> 1927
A17: =LEFT(B17,2) -> UA | B17: UA48 | C17: UA48000000000039575 | D17: 4800000000 | E17: =COUNTIF(ukr_admgz_adm2!B:B,ukr_admgz_adm1!B17) -> 4 | F17: =COUNTIF(ukr_admgz_adm3!B:B,ukr_admgz_adm1!B17) -> 52 | G17: =COUNTIF(ukr_admgz_adm4!B:B,ukr_admgz_adm1!B17) -> 911
A18: =LEFT(B18,2) -> UA | B18: UA51 | C18: UA51000000000030770 | D18: 5100000000 | E18: =COUNTIF(ukr_admgz_adm2!B:B,ukr_admgz_adm1!B18) -> 7 | F18: =COUNTIF(ukr_admgz_adm3!B:B,ukr_admgz_adm1!B18) -> 91 | G18: =COUNTIF(ukr_admgz_adm4!B:B,ukr_admgz_adm1!B18) -> 1174
A19: =LEFT(B19,2) -> UA | B19: UA53 | C19: UA53000000000028050 | D19: 5300000000 | E19: =COUNTIF(ukr_admgz_adm2!B:B,ukr_admgz_adm1!B19) -> 4 | F19: =COUNTIF(ukr_admgz_adm3!B:B,ukr_admgz_adm1!B19) -> 60 | G19: =COUNTIF(ukr_admgz_adm4!B:B,ukr_admgz_adm1!B19) -> 1839
A20: =LEFT(B20,2) -> UA | B20: UA56 | C20: UA56000000000066151 | D20: 5600000000 | E20: =COUNTIF(ukr_admgz_adm2!B:B,ukr_admgz_adm1!B20) -> 4 | F20: =COUNTIF(ukr_admgz_adm3!B:B,ukr_admgz_adm1!B20) -> 64 | G20: =COUNTIF(ukr_admgz_adm4!B:B,ukr_admgz_adm1!B20) -> 1026
A21: =LEFT(B21,2) -> UA | B21: UA85 | E21: =COUNTIF(ukr_admgz_adm2!B:B,ukr_admgz_adm1!B21) -> 1 | F21: =COUNTIF(ukr_admgz_adm3!B:B,ukr_admgz_adm1!B21) -> 1 | G21: =COUNTIF(ukr_admgz_adm4!B:B,ukr_admgz_adm1!B21) -> 1
A22: =LEFT(B22,2) -> UA | B22: UA59 | C22: UA59000000000057109 | D22: 5900000000 | E22: =COUNTIF(ukr_admgz_adm2!B:B,ukr_admgz_adm1!B22) -> 5 | F22: =COUNTIF(ukr_admgz_adm3!B:B,ukr_admgz_adm1!B22) -> 51 | G22: =COUNTIF(ukr_admgz_adm4!B:B,ukr_admgz_adm1!B22) -> 1489
A23: =LEFT(B23,2) -> UA | B23: UA61 | C23: UA61000000000060328 | D23: 6100000000 | E23: =COUNTIF(ukr_admgz_adm2!B:B,ukr_admgz_adm1!B23) -> 3 | F23: =COUNTIF(ukr_admgz_adm3!B:B,ukr_admgz_adm1!B23) -> 55 | G23: =COUNTIF(ukr_admgz_adm4!B:B,ukr_admgz_adm1!B23) -> 1058
A24: =LEFT(B24,2) -> UA | B24: UA05 | C24: UA05000000000010236 | D24: 0500000000 | E24: =COUNTIF(ukr_admgz_adm2!B:B,ukr_admgz_adm1!B24) -> 6 | F24: =COUNTIF(ukr_admgz_adm3!B:B,ukr_admgz_adm1!B24) -> 63 | G24: =COUNTIF(ukr_admgz_adm4!B:B,ukr_admgz_adm1!B24) -> 1503
A25: =LEFT(B25,2) -> UA | B25: UA07 | C25: UA07000000000024379 | D25: 0700000000 | E25: =COUNTIF(ukr_admgz_adm2!B:B,ukr_admgz_adm1!B25) -> 4 | F25: =COUNTIF(ukr_admgz_adm3!B:B,ukr_admgz_adm1!B25) -> 54 | G25: =COUNTIF(ukr_admgz_adm4!B:B,ukr_admgz_adm1!B25) -> 1087
A26: =LEFT(B26,2) -> UA | B26: UA21 | C26: UA21000000000011690 | D26: 2100000000 | E26: =COUNTIF(ukr_admgz_adm2!B:B,ukr_admgz_adm1!B26) -> 6 | F26: =COUNTIF(ukr_admgz_adm3!B:B,ukr_admgz_adm1!B26) -> 64 | G26: =COUNTIF(ukr_admgz_adm4!B:B,ukr_admgz_adm1!B26) -> 608
A27: =LEFT(B27,2) -> UA | B27: UA23 | C27: UA23000000000064947 | D27: 2300000000 | E27: =COUNTIF(ukr_admgz_adm2!B:B,ukr_admgz_adm1!B27) -> 5 | F27: =COUNTIF(ukr_admgz_adm3!B:B,ukr_admgz_adm1!B27) -> 67 | G27: =COUNTIF(ukr_admgz_adm4!B:B,ukr_admgz_adm1!B27) -> 950
A28: =LEFT(B28,2) -> UA | B28: UA18 | C28: UA18000000000041385 | D28: 1800000000 | E28: =COUNTIF(ukr_admgz_adm2!B:B,ukr_admgz_adm1!B28) -> 4 | F28: =COUNTIF(ukr_admgz_adm3!B:B,ukr_admgz_adm1!B28) -> 66 | G28: =COUNTIF(ukr_admgz_adm4!B:B,ukr_admgz_adm1!B28) -> 1668

Sheet ukr_admgz_adm2
A1: ADM0_PCODE | B1: ADM1_PCODE | C1: ADM2_PCODE | D1: Minrehion_CODE | E1: KOATUU_CODE | F1: ADM3_COUNT | G1: ADM4_COUNT
A2: =LEFT(C2,2) -> UA | B2: =LEFT(C2,4) -> UA01 | C2: UA0102 | D2: UA01020000000022387 | E2: 0120400000 | F2: =COUNTIF(ukr_admgz_adm3!C:C,ukr_admgz_adm2!C2) -> 18 | G2: =COUNTIF(ukr_admgz_adm4!C:C,ukr_admgz_adm2!C2) -> 116
A3: =LEFT(C3,2) -> UA | B3: =LEFT(C3,4) -> UA01 | C3: UA0104 | D3: UA01040000000069938 | E3: 0120700000 | F3: =COUNTIF(ukr_admgz_adm3!C:C,ukr_admgz_adm2!C3) -> 38 | G3: =COUNTIF(ukr_admgz_adm4!C:C,ukr_admgz_adm2!C3) -> 138
A4: =LEFT(C4,2) -> UA | B4: =LEFT(C4,4) -> UA01 | C4: UA0106 | D4: UA01060000000028159 | E4: 0121100000 | F4: =COUNTIF(ukr_admgz_adm3!C:C,ukr_admgz_adm2!C4) -> 29 | G4: =COUNTIF(ukr_admgz_adm4!C:C,ukr_admgz_adm2!C4) -> 114
A5: =LEFT(C5,2) -> UA | B5: =LEFT(C5,4) -> UA01 | C5: UA0108 | D5: UA01080000000090798 | F5: =COUNTIF(ukr_admgz_adm3!C:C,ukr_admgz_adm2!C5) -> 40 | G5: =COUNTIF(ukr_admgz_adm4!C:C,ukr_admgz_adm2!C5) -> 118
A6: =LEFT(C6,2) -> UA | B6: =LEFT(C6,4) -> UA01 | C6: UA0110 | D6: UA01100000000047924 | F6: =COUNTIF(ukr_admgz_adm3!C:C,ukr_admgz_adm2!C6) -> 28 | G6: =COUNTIF(ukr_admgz_adm4!C:C,ukr_admgz_adm2!C6) -> 69
A7: =LEFT(C7,2) -> UA | B7: =LEFT(C7,4) -> UA01 | C7: UA0112 | D7: UA01120000000061837 | F7: =COUNTIF(ukr_admgz_adm3!C:C,ukr_admgz_adm2!C7) -> 37 | G7: =COUNTIF(ukr_admgz_adm4!C:C,ukr_admgz_adm2!C7) -> 126
A8: =LEFT(C8,2) -> UA | B8: =LEFT(C8,4) -> UA01 | C8: UA0114 | D8: UA01140000000010124 | E8: 0122300000 | F8: =COUNTIF(ukr_admgz_adm3!C:C,ukr_admgz_adm2!C8) -> 27 | G8: =COUNTIF(ukr_admgz_adm4!C:C,ukr_admgz_adm2!C8) -> 84
A9: =LEFT(C9,2) -> UA | B9: =LEFT(C9,4) -> UA01 | C9: UA0116 | D9: UA01160000000090126 | F9: =COUNTIF(ukr_admgz_adm3!C:C,ukr_admgz_adm2!C9) -> 24 | G9: =COUNTIF(ukr_admgz_adm4!C:C,ukr_admgz_adm2!C9) -> 115
A10: =LEFT(C10,2) -> UA | B10: =LEFT(C10,4) -> UA01 | C10: UA0118 | D10: UA01180000000068971 | F10: =COUNTIF(ukr_admgz_adm3!C:C,ukr_admgz_adm2!C10) -> 40 | G10: =COUNTIF(ukr_admgz_adm4!C:C,ukr_admgz_adm2!C10) -> 112
A11: =LEFT(C11,2) -> UA | B11: =LEFT(C11,4) -> UA01 | C11: UA0120 | D11: UA01200000000063976 | F11: =COUNTIF(ukr_admgz_adm3!C:C,ukr_admgz_adm2!C11) -> 16 | G11: =COUNTIF(ukr_admgz_adm4!C:C,ukr_admgz_adm2!C11) -> 58
A12: =LEFT(C12,2) -> UA | B12: =LEFT(C12,4) -> UA05 | C12: UA0502 | D12: UA05020000000026686 | E12: 0520600000 | F12: =COUNTIF(ukr_admgz_adm3!C:C,ukr_admgz_adm2!C12) -> 16 | G12: =COUNTIF(ukr_admgz_adm4!C:C,ukr_admgz_adm2!C12) -> 410
A13: =LEFT(C13,2) -> UA | B13: =LEFT(C13,4) -> UA05 | C13: UA0504 | D13: UA05040000000050292 | E13: 0520800000 | F13: =COUNTIF(ukr_admgz_adm3!C:C,ukr_admgz_adm2!C13) -> 14 | G13: =COUNTIF(ukr_admgz_adm4!C:C,ukr_admgz_adm2!C13) -> 264
A14: =LEFT(C14,2) -> UA | B14: =LEFT(C14,4) -> UA05 | C14: UA0506 | D14: UA05060000000061926 | E14: 0521000000 | F14: =COUNTIF(ukr_admgz_adm3!C:C,ukr_admgz_adm2!C14) -> 8 | G14: =COUNTIF(ukr_admgz_adm4!C:C,ukr_admgz_adm2!C14) -> 216
A15: =LEFT(C15,2) -> UA | B15: =LEFT(C15,4) -> UA05 | C15: UA0508 | D15: UA05080000000040234 | E15: 0522600000 | F15: =COUNTIF(ukr_admgz_adm3!C:C,ukr_admgz_adm2!C15) -> 7 | G15: =COUNTIF(ukr_admgz_adm4!C:C,ukr_admgz_adm2!C15) -> 195
A16: =LEFT(C16,2) -> UA | B16: =LEFT(C16,4) -> UA05 | C16: UA0510 | D16: UA05100000000022396 | E16: 0524300000 | F16: =COUNTIF(ukr_admgz_adm3!C:C,ukr_admgz_adm2!C16) -> 9 | G16: =COUNTIF(ukr_admgz_adm4!C:C,ukr_admgz_adm2!C16) -> 189
A17: =LEFT(C17,2) -> UA | B17: =LEFT(C17,4) -> UA05 | C17: UA0512 | D17: UA05120000000017020 | E17: 0524800000 | F17: =COUNTIF(ukr_admgz_adm3!C:C,ukr_admgz_adm2!C17) -> 9 | G17: =COUNTIF(ukr_admgz_adm4!C:C,ukr_admgz_adm2!C17) -> 229
A18: =LEFT(C18,2) -> UA | B18: =LEFT(C18,4) -> UA07 | C18: UA0702 | D18: UA07020000000048211 | E18: 0720500000 | F18: =COUNTIF(ukr_admgz_adm3!C:C,ukr_admgz_adm2!C18) -> 11 | G18: =COUNTIF(ukr_admgz_adm4!C:C,ukr_admgz_adm2!C18) -> 201
A19: =LEFT(C19,2) -> UA | B19: =LEFT(C19,4) -> UA07 | C19: UA0704 | D19: UA07040000000026412 | E19: 0721400000 | F19: =COUNTIF(ukr_admgz_adm3!C:C,ukr_admgz_adm2!C19) -> 5 | G19: =COUNTIF(ukr_admgz_adm4!C:C,ukr_admgz_adm2!C19) -> 155
A20: =LEFT(C20,2) -> UA | B20: =LEFT(C20,4) -> UA07 | C20: UA0706 | D20: UA07060000000092268 | E20: 0722100000 | F20: =COUNTIF(ukr_admgz_adm3!C:C,ukr_admgz_adm2!C20) -> 23 | G20: =COUNTIF(ukr_admgz_adm4!C:C,ukr_admgz_adm2!C20) -> 380
A21: =LEFT(C21,2) -> UA | B21: =LEFT(C21,4) -> UA07 | C21: UA0708 | D21: UA07080000000034745 | E21: 0722800000 | F21: =COUNTIF(ukr_admgz_adm3!C:C,ukr_admgz_adm2!C21) -> 15 | G21: =COUNTIF(ukr_admgz_adm4!C:C,ukr_admgz_adm2!C21) -> 351
A22: =LEFT(C22,2) -> UA | B22: =LEFT(C22,4) -> UA12 | C22: UA1202 | D22: UA12020000000052809 | E22: 1221400000 | F22: =COUNTIF(ukr_admgz_adm3!C:C,ukr_admgz_adm2!C22) -> 17 | G22: =COUNTIF(ukr_admgz_adm4!C:C,ukr_admgz_adm2!C22) -> 234
A23: =LEFT(C23,2) -> UA | B23: =LEFT(C23,4) -> UA12 | C23: UA1204 | D23: UA12040000000032213 | F23: =COUNTIF(ukr_admgz_adm3!C:C,ukr_admgz_adm2!C23) -> 12 | G23: =COUNTIF(ukr_admgz_adm4!C:C,ukr_admgz_adm2!C23) -> 274
A24: =LEFT(C24,2) -> UA | B24: =LEFT(C24,4) -> UA12 | C24: UA1206 | D24: UA12060000000022633 | E24: 1221800000 | F24: =COUNTIF(ukr_admgz_adm3!C:C,ukr_admgz_adm2!C24) -> 15 | G24: =COUNTIF(ukr_admgz_adm4!C:C,ukr_admgz_adm2!C24) -> 282
A25: =LEFT(C25,2) -> UA | B25: =LEFT(C25,4) -> UA12 | C25: UA1208 | D25: UA12080000000023578 | E25: 1222900000 | F25: =COUNTIF(ukr_admgz_adm3!C:C,ukr_admgz_adm2!C25) -> 8 | G25: =COUNTIF(ukr_admgz_adm4!C:C,ukr_admgz_adm2!C25) -> 130
A26: =LEFT(C26,2) -> UA | B26: =LEFT(C26,4) -> UA12 | C26: UA1210 | D26: UA12100000000039307 | E26: 1223200000 | F26: =COUNTIF(ukr_admgz_adm3!C:C,ukr_admgz_adm2!C26) -> 8 | G26: =COUNTIF(ukr_admgz_adm4!C:C,ukr_admgz_adm2!C26) -> 110
A27: =LEFT(C27,2) -> UA | B27: =LEFT(C27,4) -> UA12 | C27: UA1212 | D27: UA12120000000089862 | E27: 1223500000 | F27: =COUNTIF(ukr_admgz_adm3!C:C,ukr_admgz_adm2!C27) -> 7 | G27: =COUNTIF(ukr_admgz_adm4!C:C,ukr_admgz_adm2!C27) -> 98
A28: =LEFT(C28,2) -> UA | B28: =LEFT(C28,4) -> UA12 | C28: UA1214 | D28: UA12140000000011720 | E28: 1224800000 | F28: =COUNTIF(ukr_admgz_adm3!C:C,ukr_admgz_adm2!C28) -> 19 | G28: =COUNTIF(ukr_admgz_adm4!C:C,ukr_admgz_adm2!C28) -> 372
A29: =LEFT(C29,2) -> UA | B29: =LEFT(C29,4) -> UA14 | C29: UA1402 | D29: UA14020000000013572 | E29: 1420900000 | F29: =COUNTIF(ukr_admgz_adm3!C:C,ukr_admgz_adm2!C29) -> 7 | G29: =COUNTIF(ukr_admgz_adm4!C:C,ukr_admgz_adm2!C29) -> 112
A30: =LEFT(C30,2) -> UA | B30: =LEFT(C30,4) -> UA14 | C30: UA1404 | D30: UA14040000000098211 | E30: 1421500000 | F30: =COUNTIF(ukr_admgz_adm3!C:C,ukr_admgz_adm2!C30) -> 8 | G30: =COUNTIF(ukr_admgz_adm4!C:C,ukr_admgz_adm2!C30) -> 158
A31: =LEFT(C31,2) -> UA | B31: =LEFT(C31,4) -> UA14 | C31: UA1406 | D31: UA14060000000024357 | F31: =COUNTIF(ukr_admgz_adm3!C:C,ukr_admgz_adm2!C31) -> 9 | G31: =COUNTIF(ukr_admgz_adm4!C:C,ukr_admgz_adm2!C31) -> 132
A32: =LEFT(C32,2) -> UA | B32: =LEFT(C32,4) -> UA14 | C32: UA1408 | D32: UA14080000000098686 | F32: =COUNTIF(ukr_admgz_adm3!C:C,ukr_admgz_adm2!C32) -> 6 | G32: =COUNTIF(ukr_admgz_adm4!C:C,ukr_admgz_adm2!C32) -> 152
A33: =LEFT(C33,2) -> UA | B33: =LEFT(C33,4) -> UA14 | C33: UA1410 | D33: UA14100000000010319 | F33: =COUNTIF(ukr_admgz_adm3!C:C,ukr_admgz_adm2!C33) -> 5 | G33: =COUNTIF(ukr_admgz_adm4!C:C,ukr_admgz_adm2!C33) -> 156
A34: =LEFT(C34,2) -> UA | B34: =LEFT(C34,4) -> UA14 | C34: UA1412 | D34: UA14120000000070232 | F34: =COUNTIF(ukr_admgz_adm3!C:C,ukr_admgz_adm2!C34) -> 12 | G34: =COUNTIF(ukr_admgz_adm4!C:C,ukr_admgz_adm2!C34) -> 235
A35: =LEFT(C35,2) -> UA | B35: =LEFT(C35,4) -> UA14 | C35: UA1414 | D35: UA14140000000070889 | F35: =COUNTIF(ukr_admgz_adm3!C:C,ukr_admgz_adm2!C35) -> 5 | G35: =COUNTIF(ukr_admgz_adm4!C:C,ukr_admgz_adm2!C35) -> 89
A36: =LEFT(C36,2) -> UA | B36: =LEFT(C36,4) -> UA14 | C36: UA1416 | D36: UA14160000000061982 | E36: 1422700000 | F36: =COUNTIF(ukr_admgz_adm3!C:C,ukr_admgz_adm2!C36) -> 14 | G36: =COUNTIF(ukr_admgz_adm4!C:C,ukr_admgz_adm2!C36) -> 264
A37: =LEFT(C37,2) -> UA | B37: =LEFT(C37,4) -> UA18 | C37: UA1802 | D37: UA18020000000072859 | E37: 1820800000 | F37: =COUNTIF(ukr_admgz_adm3!C:C,ukr_admgz_adm2!C37) -> 10 | G37: =COUNTIF(ukr_admgz_adm4!C:C,ukr_admgz_adm2!C37) -> 162
A38: =LEFT(C38,2) -> UA | B38: =LEFT(C38,4) -> UA18 | C38: UA1804 | D38: UA18040000000058965 | E38: 1822000000 | F38: =COUNTIF(ukr_admgz_adm3!C:C,ukr_admgz_adm2!C38) -> 31 | G38: =COUNTIF(ukr_admgz_adm4!C:C,ukr_admgz_adm2!C38) -> 684
A39: =LEFT(C39,2) -> UA | B39: =LEFT(C39,4) -> UA18 | C39: UA1806 | D39: UA18060000000021754 | E39: 1822300000 | F39: =COUNTIF(ukr_admgz_adm3!C:C,ukr_admgz_adm2!C39) -> 13 | G39: =COUNTIF(ukr_admgz_adm4!C:C,ukr_admgz_adm2!C39) -> 529
A40: =LEFT(C40,2) -> UA | B40: =LEFT(C40,4) -> UA18 | C40: UA1808 | D40: UA18080000000016657 | E40: 1824000000 | F40: =COUNTIF(ukr_admgz_adm3!C:C,ukr_admgz_adm2!C40) -> 12 | G40: =COUNTIF(ukr_admgz_adm4!C:C,ukr_admgz_adm2!C40) -> 293
A41: =LEFT(C41,2) -> UA | B41: =LEFT(C41,4) -> UA21 | C41: UA2102 | D41: UA21020000000051405 | E41: 2120400000 | F41: =COUNTIF(ukr_admgz_adm3!C:C,ukr_admgz_adm2!C41) -> 10 | G41: =COUNTIF(ukr_admgz_adm4!C:C,ukr_admgz_adm2!C41) -> 105
A42: =LEFT(C42,2) -> UA | B42: =LEFT(C42,4) -> UA21 | C42: UA2104 | D42: UA21040000000077329 | E42: 2122700000 | F42: =COUNTIF(ukr_admgz_adm3!C:C,ukr_admgz_adm2!C42) -> 13 | G42: =COUNTIF(ukr_admgz_adm4!C:C,ukr_admgz_adm2!C42) -> 142
A43: =LEFT(C43,2) -> UA | B43: =LEFT(C43,4) -> UA21 | C43: UA2106 | D43: UA21060000000059475 | E43: 2123600000 | F43: =COUNTIF(ukr_admgz_adm3!C:C,ukr_admgz_adm2!C43) -> 4 | G43: =COUNTIF(ukr_admgz_adm4!C:C,ukr_admgz_adm2!C43) -> 29
A44: =LEFT(C44,2) -> UA | B44: =LEFT(C44,4) -> UA21 | C44: UA2108 | D44: UA21080000000048851 | E44: 2124400000 | F44: =COUNTIF(ukr_admgz_adm3!C:C,ukr_admgz_adm2!C44) -> 10 | G44: =COUNTIF(ukr_admgz_adm4!C:C,ukr_admgz_adm2!C44) -> 64
A45: =LEFT(C45,2) -> UA | B45: =LEFT(C45,4) -> UA21 | C45: UA2110 | D45: UA21100000000055073 | E45: 2124800000 | F45: =COUNTIF(ukr_admgz_adm3!C:C,ukr_admgz_adm2!C45) -> 14 | G45: =COUNTIF(ukr_admgz_adm4!C:C,ukr_admgz_adm2!C45) -> 125
A46: =LEFT(C46,2) -> UA | B46: =LEFT(C46,4) -> UA21 | C46: UA2112 | D46: UA21120000000022889 | E46: 2125300000 | F46: =COUNTIF(ukr_admgz_adm3!C:C,ukr_admgz_adm2!C46) -> 13 | G46: =COUNTIF(ukr_admgz_adm4!C:C,ukr_admgz_adm2!C46) -> 143
A47: =LEFT(C47,2) -> UA | B47: =LEFT(C47,4) -> UA23 | C47: UA2302 | D47: UA23020000000032289 | E47: 2320600000 | F47: =COUNTIF(ukr_admgz_adm3!C:C,ukr_admgz_adm2!C47) -> 8 | G47: =COUNTIF(ukr_admgz_adm4!C:C,ukr_admgz_adm2!C47) -> 113
... A52: =LEFT(C52,2) -> UA | B52: =LEFT(C52,4) -> UA26 | C52: UA2602 | D52: UA26020000000044654 | E52: 2620800000 | F52: =COUNTIF(ukr_admgz_adm3!C:C,ukr_admgz_adm2!C52) -> 3 | G52: =COUNTIF(ukr_admgz_adm4!C:C,ukr_admgz_adm2!C52) -> 43
A53: =LEFT(C53,2) -> UA | B53: =LEFT(C53,4) -> UA26 | C53: UA2604 | D53: UA26040000000044761 | F53: =COUNTIF(ukr_admgz_adm3!C:C,ukr_admgz_adm2!C53) -> 20 | G53: =COUNTIF(ukr_admgz_adm4!C:C,ukr_admgz_adm2!C53) -> 320
A54: =LEFT(C54,2) -> UA | B54: =LEFT(C54,4) -> UA26 | C54: UA2606 | D54: UA26060000000042554 | E54: 2622800000 | F54: =COUNTIF(ukr_admgz_adm3!C:C,ukr_admgz_adm2!C54) -> 13 | G54: =COUNTIF(ukr_admgz_adm4!C:C,ukr_admgz_adm2!C54) -> 162
A55: =LEFT(C55,2) -> UA | B55: =LEFT(C55,4) -> UA26 | C55: UA2608 | D55: UA26080000000050130 | E55: 2623200000 | F55: =COUNTIF(ukr_admgz_adm3!C:C,ukr_admgz_adm2!C55) -> 13 | G55: =COUNTIF(ukr_admgz_adm4!C:C,ukr_admgz_adm2!C55) -> 190
A56: =LEFT(C56,2) -> UA | B56: =LEFT(C56,4) -> UA26 | C56: UA2610 | D56: UA26100000000092255 | E56: 2623600000 | F56: =COUNTIF(ukr_admgz_adm3!C:C,ukr_admgz_adm2!C56) -> 5 | G56: =COUNTIF(ukr_admgz_adm4!C:C,ukr_admgz_adm2!C56) -> 40
A57: =LEFT(C57,2) -> UA | B57: =LEFT(C57,4) -> UA26 | C57: UA2612 | D57: UA26120000000036058 | E57: 2624000000 | F57: =COUNTIF(ukr_admgz_adm3!C:C,ukr_admgz_adm2!C57) -> 8 | G57: =COUNTIF(ukr_admgz_adm4!C:C,ukr_admgz_adm2!C57) -> 50
A58: =LEFT(C58,2) -> UA | B58: =LEFT(C58,4) -> UA32 | C58: UA3200 | F58: =COUNTIF(ukr_admgz_adm3!C:C,ukr_admgz_adm2!C58) -> 1 | G58: =COUNTIF(ukr_admgz_adm4!C:C,ukr_admgz_adm2!C58) -> 2
A59: =LEFT(C59,2) -> UA | B59: =LEFT(C59,4) -> UA32 | C59: UA3202 | D59: UA32020000000057002 | E59: 3220400000 | F59: =COUNTIF(ukr_admgz_adm3!C:C,ukr_admgz_adm2!C59) -> 13 | G59: =COUNTIF(ukr_admgz_adm4!C:C,ukr_admgz_adm2!C59) -> 302
A60: =LEFT(C60,2) -> UA | B60: =LEFT(C60,4) -> UA32 | C60: UA3204 | D60: UA32040000000054694 | E60: 3220800000 | F60: =COUNTIF(ukr_admgz_adm3!C:C,ukr_admgz_adm2!C60) -> 11 | G60: =COUNTIF(ukr_admgz_adm4!C:C,ukr_admgz_adm2!C60) -> 140
A61: =LEFT(C61,2) -> UA | B61: =LEFT(C61,4) -> UA32 | C61: UA3206 | D61: UA32060000000012455 | E61: 3221200000 | F61: =COUNTIF(ukr_admgz_adm3!C:C,ukr_admgz_adm2!C61) -> 8 | G61: =COUNTIF(ukr_admgz_adm4!C:C,ukr_admgz_adm2!C61) -> 125
A62: =LEFT(C62,2) -> UA | B62: =LEFT(C62,4) -> UA32 | C62: UA3208 | D62: UA32080000000084076 | F62: =COUNTIF(ukr_admgz_adm3!C:C,ukr_admgz_adm2!C62) -> 12 | G62: =COUNTIF(ukr_admgz_adm4!C:C,ukr_admgz_adm2!C62) -> 141
A63: =LEFT(C63,2) -> UA | B63: =LEFT(C63,4) -> UA32 | C63: UA3210 | D63: UA32100000000065867 | E63: 3221800000 | F63: =COUNTIF(ukr_admgz_adm3!C:C,ukr_admgz_adm2!C63) -> 7 | G63: =COUNTIF(ukr_admgz_adm4!C:C,ukr_admgz_adm2!C63) -> 163
A64: =LEFT(C64,2) -> UA | B64: =LEFT(C64,4) -> UA32 | C64: UA3212 | D64: UA32120000000081110 | E64: 3223100000 | F64: =COUNTIF(ukr_admgz_adm3!C:C,ukr_admgz_adm2!C64) -> 9 | G64: =COUNTIF(ukr_admgz_adm4!C:C,ukr_admgz_adm2!C64) -> 200
A65: =LEFT(C65,2) -> UA | B65: =LEFT(C65,4) -> UA32 | C65: UA3214 | D65: UA32140000000020217 | E65: 3224900000 | F65: =COUNTIF(ukr_admgz_adm3!C:C,ukr_admgz_adm2!C65) -> 9 | G65: =COUNTIF(ukr_admgz_adm4!C:C,ukr_admgz_adm2!C65) -> 109
A66: =LEFT(C66,2) -> UA | B66: =LEFT(C66,4) -> UA35 | C66: UA3502 | D66: UA35020000000074289 | E66: 3521400000 | F66: =COUNTIF(ukr_admgz_adm3!C:C,ukr_admgz_adm2!C66) -> 10 | G66: =COUNTIF(ukr_admgz_adm4!C:C,ukr_admgz_adm2!C66) -> 181
A67: =LEFT(C67,2) -> UA | B67: =LEFT(C67,4) -> UA35 | C67: UA3504 | D67: UA35040000000034705 | E67: 3522500000 | F67: =COUNTIF(ukr_admgz_adm3!C:C,ukr_admgz_adm2!C67) -> 17 | G67: =COUNTIF(ukr_admgz_adm4!C:C,ukr_admgz_adm2!C67) -> 416
A68: =LEFT(C68,2) -> UA | B68: =LEFT(C68,4) -> UA35 | C68: UA3506 | D68: UA35060000000086172 | E68: 3524000000 | F68: =COUNTIF(ukr_admgz_adm3!C:C,ukr_admgz_adm2!C68) -> 13 | G68: =COUNTIF(ukr_admgz_adm4!C:C,ukr_admgz_adm2!C68) -> 242
A69: =LEFT(C69,2) -> UA | B69: =LEFT(C69,4) -> UA35 | C69: UA3508 | D69: UA35080000000062763 | E69: 3520300000 | F69: =COUNTIF(ukr_admgz_adm3!C:C,ukr_admgz_adm2!C69) -> 9 | G69: =COUNTIF(ukr_admgz_adm4!C:C,ukr_admgz_adm2!C69) -> 188
A70: =LEFT(C70,2) -> UA | B70: =LEFT(C70,4) -> UA44 | C70: UA4402 | D70: UA44020000000082097 | F70: =COUNTIF(ukr_admgz_adm3!C:C,ukr_admgz_adm2!C70) -> 3 | G70: =COUNTIF(ukr_admgz_adm4!C:C,ukr_admgz_adm2!C70) -> 91
A71: =LEFT(C71,2) -> UA | B71: =LEFT(C71,4) -> UA44 | C71: UA4404 | D71: UA44040000000032820 | E71: 4424200000 | F71: =COUNTIF(ukr_admgz_adm3!C:C,ukr_admgz_adm2!C71) -> 2 | G71: =COUNTIF(ukr_admgz_adm4!C:C,ukr_admgz_adm2!C71) -> 98
A72: =LEFT(C72,2) -> UA | B72: =LEFT(C72,4) -> UA44 | C72: UA4406 | D72: UA44060000000048093 | F72: =COUNTIF(ukr_admgz_adm3!C:C,ukr_admgz_adm2!C72) -> 3 | G72: =COUNTIF(ukr_admgz_adm4!C:C,ukr_admgz_adm2!C72) -> 98
A73: =LEFT(C73,2) -> UA | B73: =LEFT(C73,4) -> UA44 | C73: UA4408 | D73: UA44080000000045512 | F73: =COUNTIF(ukr_admgz_adm3!C:C,ukr_admgz_adm2!C73) -> 3 | G73: =COUNTIF(ukr_admgz_adm4!C:C,ukr_admgz_adm2!C73) -> 94
A74: =LEFT(C74,2) -> UA | B74: =LEFT(C74,4) -> UA44 | C74: UA4410 | D74: UA44100000000052765 | E74: 4424000000 | F74: =COUNTIF(ukr_admgz_adm3!C:C,ukr_admgz_adm2!C74) -> 7 | G74: =COUNTIF(ukr_admgz_adm4!C:C,ukr_admgz_adm2!C74) -> 181
A75: =LEFT(C75,2) -> UA | B75: =LEFT(C75,4) -> UA44 | C75: UA4412 | D75: UA44120000000092852 | F75: =COUNTIF(ukr_admgz_adm3!C:C,ukr_admgz_adm2!C75) -> 6 | G75: =COUNTIF(ukr_admgz_adm4!C:C,ukr_admgz_adm2!C75) -> 87
A76: =LEFT(C76,2) -> UA | B76: =LEFT(C76,4) -> UA44 | C76: UA4414 | D76: UA44140000000031142 | E76: 4425100000 | F76: =COUNTIF(ukr_admgz_adm3!C:C,ukr_admgz_adm2!C76) -> 8 | G76: =COUNTIF(ukr_admgz_adm4!C:C,ukr_admgz_adm2!C76) -> 194
A77: =LEFT(C77,2) -> UA | B77: =LEFT(C77,4) -> UA44 | C77: UA4416 | D77: UA44160000000057142 | F77: =COUNTIF(ukr_admgz_adm3!C:C,ukr_admgz_adm2!C77) -> 5 | G77: =COUNTIF(ukr_admgz_adm4!C:C,ukr_admgz_adm2!C77) -> 83
A78: =LEFT(C78,2) -> UA | B78: =LEFT(C78,4) -> UA46 | C78: UA4602 | D78: UA46020000000075920 | E78: 4621200000 | F78: =COUNTIF(ukr_admgz_adm3!C:C,ukr_admgz_adm2!C78) -> 5 | G78: =COUNTIF(ukr_admgz_adm4!C:C,ukr_admgz_adm2!C78) -> 89
A79: =LEFT(C79,2) -> UA | B79: =LEFT(C79,4) -> UA46 | C79: UA4604 | D79: UA46040000000069196 | E79: 6322600000 | F79: =COUNTIF(ukr_admgz_adm3!C:C,ukr_admgz_adm2!C79) -> 7 | G79: =COUNTIF(ukr_admgz_adm4!C:C,ukr_admgz_adm2!C79) -> 277
A80: =LEFT(C80,2) -> UA | B80: =LEFT(C80,4) -> UA46 | C80: UA4606 | D80: UA46060000000042587 | F80: =COUNTIF(ukr_admgz_adm3!C:C,ukr_admgz_adm2!C80) -> 23 | G80: =COUNTIF(ukr_admgz_adm4!C:C,ukr_admgz_adm2!C80) -> 530
A81: =LEFT(C81,2) -> UA | B81: =LEFT(C81,4) -> UA46 | C81: UA4608 | D81: UA46080000000017237 | E81: 4624200000 | F81: =COUNTIF(ukr_admgz_adm3!C:C,ukr_admgz_adm2!C81) -> 11 | G81: =COUNTIF(ukr_admgz_adm4!C:C,ukr_admgz_adm2!C81) -> 286
A82: =LEFT(C82,2) -> UA | B82: =LEFT(C82,4) -> UA46 | C82: UA4610 | D82: UA46100000000023056 | E82: 4625300000 | F82: =COUNTIF(ukr_admgz_adm3!C:C,ukr_admgz_adm2!C82) -> 14 | G82: =COUNTIF(ukr_admgz_adm4!C:C,ukr_admgz_adm2!C82) -> 292
A83: =LEFT(C83,2) -> UA | B83: =LEFT(C83,4) -> UA46 | C83: UA4612 | D83: UA46120000000057093 | F83: =COUNTIF(ukr_admgz_adm3!C:C,ukr_admgz_adm2!C83) -> 7 | G83: =COUNTIF(ukr_admgz_adm4!C:C,ukr_admgz_adm2!C83) -> 205
A84: =LEFT(C84,2) -> UA | B84: =LEFT(C84,4) -> UA46 | C84: UA4614 | D84: UA46140000000036328 | E84: 4625800000 | F84: =COUNTIF(ukr_admgz_adm3!C:C,ukr_admgz_adm2!C84) -> 6 | G84: =COUNTIF(ukr_admgz_adm4!C:C,ukr_admgz_adm2!C84) -> 248
A85: =LEFT(C85,2) -> UA | B85: =LEFT(C85,4) -> UA48 | C85: UA4802 | D85: UA48020000000033544 | E85: 4820600000 | F85: =COUNTIF(ukr_admgz_adm3!C:C,ukr_admgz_adm2!C85) -> 12 | G85: =COUNTIF(ukr_admgz_adm4!C:C,ukr_admgz_adm2!C85) -> 279
A86: =LEFT(C86,2) -> UA | B86: =LEFT(C86,4) -> UA48 | C86: UA4804 | D86: UA48040000000011780 | E86: 4822000000 | F86: =COUNTIF(ukr_admgz_adm3!C:C,ukr_admgz_adm2!C86) -> 13 | G86: =COUNTIF(ukr_admgz_adm4!C:C,ukr_admgz_adm2!C86) -> 253
A87: =LEFT(C87,2) -> UA | B87: =LEFT(C87,4) -> UA48 | C87: UA4806 | D87: UA48060000000094390 | E87: 4824200000 | F87: =COUNTIF(ukr_admgz_adm3!C:C,ukr_admgz_adm2!C87) -> 19 | G87: =COUNTIF(ukr_admgz_adm4!C:C,ukr_admgz_adm2!C87) -> 238
A88: =LEFT(C88,2) -> UA | B88: =LEFT(C88,4) -> UA48 | C88: UA4808 | D88: UA48080000000082320 | E88: 6324500000 | F88: =COUNTIF(ukr_admgz_adm3!C:C,ukr_admgz_adm2!C88) -> 8 | G88: =COUNTIF(ukr_admgz_adm4!C:C,ukr_admgz_adm2!C88) -> 141
A89: =LEFT(C89,2) -> UA | B89: =LEFT(C89,4) -> UA51 | C89: UA5102 | D89: UA51020000000097683 | E89: 5121200000 | F89: =COUNTIF(ukr_admgz_adm3!C:C,ukr_admgz_adm2!C89) -> 16 | G89: =COUNTIF(ukr_admgz_adm4!C:C,ukr_admgz_adm2!C89) -> 226
A90: =LEFT(C90,2) -> UA | B90: =LEFT(C90,4) -> UA51 | C90: UA5104 | D90: UA51040000000032911 | E90: 5120800000 | F90: =COUNTIF(ukr_admgz_adm3!C:C,ukr_admgz_adm2!C90) -> 16 | G90: =COUNTIF(ukr_admgz_adm4!C:C,ukr_admgz_adm2!C90) -> 134
A91: =LEFT(C91,2) -> UA | B91: =LEFT(C91,4) -> UA51 | C91: UA5106 | D91: UA51060000000057808 | E91: 5121400000 | F91: =COUNTIF(ukr_admgz_adm3!C:C,ukr_admgz_adm2!C91) -> 10 | G91: =COUNTIF(ukr_admgz_adm4!C:C,ukr_admgz_adm2!C91) -> 99
A92: =LEFT(C92,2) -> UA | B92: =LEFT(C92,4) -> UA51 | C92: UA5108 | D92: UA51080000000061776 | E92: 5122000000 | F92: =COUNTIF(ukr_admgz_adm3!C:C,ukr_admgz_adm2!C92) -> 6 | G92: =COUNTIF(ukr_admgz_adm4!C:C,ukr_admgz_adm2!C92) -> 52
A93: =LEFT(C93,2) -> UA | B93: =LEFT(C93,4) -> UA51 | C93: UA5110 | D93: UA51100000000095786 | F93: =COUNTIF(ukr_admgz_adm3!C:C,ukr_admgz_adm2!C93) -> 22 | G93: =COUNTIF(ukr_admgz_adm4!C:C,ukr_admgz_adm2!C93) -> 155
A94: =LEFT(C94,2) -> UA | B94: =LEFT(C94,4) -> UA51 | C94: UA5112 | D94: UA51120000000021678 | E94: 5122900000 | F94: =COUNTIF(ukr_admgz_adm3!C:C,ukr_admgz_adm2!C94) -> 12 | G94: =COUNTIF(ukr_admgz_adm4!C:C,ukr_admgz_adm2!C94) -> 299
A95: =LEFT(C95,2) -> UA | B95: =LEFT(C95,4) -> UA51 | C95: UA5114 | D95: UA51140000000094970 | E95: 5123900000 | F95: =COUNTIF(ukr_admgz_adm3!C:C,ukr_admgz_adm2!C95) -> 9 | G95: =COUNTIF(ukr_admgz_adm4!C:C,ukr_admgz_adm2!C95) -> 209
A96: =LEFT(C96,2) -> UA | B96: =LEFT(C96,4) -> UA53 | C96: UA5302 | D96: UA53020000000034761 | E96: 5322400000 | F96: =COUNTIF(ukr_admgz_adm3!C:C,ukr_admgz_adm2!C96) -> 12 | G96: =COUNTIF(ukr_admgz_adm4!C:C,ukr_admgz_adm2!C96) -> 325
A97: =LEFT(C97,2) -> UA | B97: =LEFT(C97,4) -> UA53 | C97: UA5304 | D97: UA53040000000081308 | E97: 5322800000 | F97: =COUNTIF(ukr_admgz_adm3!C:C,ukr_admgz_adm2!C97) -> 7 | G97: =COUNTIF(ukr_admgz_adm4!C:C,ukr_admgz_adm2!C97) -> 345
A98: =LEFT(C98,2) -> UA | B98: =LEFT(C98,4) -> UA53 | C98: UA5306 | D98: UA53060000000045271 | E98: 5323200000 | F98: =COUNTIF(ukr_admgz_adm3!C:C,ukr_admgz_adm2!C98) -> 17 | G98: =COUNTIF(ukr_admgz_adm4!C:C,ukr_admgz_adm2!C98) -> 423
A99: =LEFT(C99,2) -> UA | B99: =LEFT(C99,4) -> UA53 | C99: UA5308 | D99: UA53080000000068029 | E99: 5324000000 | F99: =COUNTIF(ukr_admgz_adm3!C:C,ukr_admgz_adm2!C99) -> 24 | G99: =COUNTIF(ukr_admgz_adm4!C:C,ukr_admgz_adm2!C99) -> 746
A100: =LEFT(C100,2) -> UA | B100: =LEFT(C100,4) -> UA56 | C100: UA5602 | D100: UA56020000000011586 | F100: =COUNTIF(ukr_admgz_adm3!C:C,ukr_admgz_adm2!C100) -> 8 | G100: =COUNTIF(ukr_admgz_adm4!C:C,ukr_admgz_adm2!C100) -> 116
A101: =LEFT(C101,2) -> UA | B101: =LEFT(C101,4) -> UA56 | C101: UA5604 | D101: UA56040000000062179 | E101: 5621600000 | F101: =COUNTIF(ukr_admgz_adm3!C:C,ukr_admgz_adm2!C101) -> 19 | G101: =COUNTIF(ukr_admgz_adm4!C:C,ukr_admgz_adm2!C101) -> 303
A102: =LEFT(C102,2) -> UA | B102: =LEFT(C102,4) -> UA56 | C102: UA5606 | D102: UA56060000000041446 | E102: 5624600000 | F102: =COUNTIF(ukr_admgz_adm3!C:C,ukr_admgz_adm2!C102) -> 26 | G102: =COUNTIF(ukr_admgz_adm4!C:C,ukr_admgz_adm2!C102) -> 439
A103: =LEFT(C103,2) -> UA | B103: =LEFT(C103,4) -> UA56 | C103: UA5608 | D103: UA56080000000096146 | E103: 5625400000 | F103: =COUNTIF(ukr_admgz_adm3!C:C,ukr_admgz_adm2!C103) -> 11 | G103: =COUNTIF(ukr_admgz_adm4!C:C,ukr_admgz_adm2!C103) -> 168
A104: =LEFT(C104,2) -> UA | B104: =LEFT(C104,4) -> UA59 | C104: UA5902 | D104: UA59020000000081905 | E104: 5922000000 | F104: =COUNTIF(ukr_admgz_adm3!C:C,ukr_admgz_adm2!C104) -> 8 | G104: =COUNTIF(ukr_admgz_adm4!C:C,ukr_admgz_adm2!C104) -> 310
...

Sheet ukr_admgz_adm3
A1: ADM0_PCODE | B1: ADM1_PCODE | C1: ADM2_PCODE | D1: ADM3_PCODE | E1: Minrehion_CODE | F1: KOATUU_CODE | G1: ADM4_COUNT
A2: UA | B2: UA01 | C2: UA0102 | D2: UA0102003 | E2: UA01020030000085835 | F2: 0120480400 | G2: =COUNTIF(ukr_admgz_adm4!D:D,ukr_admgz_adm3!D2) -> 5
A3: UA | B3: UA01 | C3: UA0102 | D3: UA0102005 | E3: UA01020050000056842 | F3: 0120410100 | G3: =COUNTIF(ukr_admgz_adm4!D:D,ukr_admgz_adm3!D3) -> 2
A4: UA | B4: UA01 | C4: UA0102 | D4: UA0102009 | E4: UA01020090000085519 | F4: 0120480800 | G4: =COUNTIF(ukr_admgz_adm4!D:D,ukr_admgz_adm3!D4) -> 6
A5: UA | B5: UA01 | C5: UA0102 | D5: UA0102011 | E5: UA01020110000025392 | F5: 0120481300 | G5: =COUNTIF(ukr_admgz_adm4!D:D,ukr_admgz_adm3!D5) -> 2
A6: UA | B6: UA01 | C6: UA0102 | D6: UA0102013 | E6: UA01020130000011846 | F6: 0120481900 | G6: =COUNTIF(ukr_admgz_adm4!D:D,ukr_admgz_adm3!D6) -> 9
A7: UA | B7: UA01 | C7: UA0102 | D7: UA0102015 | E7: UA01020150000013553 | F7: 0120482200 | G7: =COUNTIF(ukr_admgz_adm4!D:D,ukr_admgz_adm3!D7) -> 3
A8: UA | B8: UA01 | C8: UA0102 | D8: UA0102017 | E8: UA01020170000026113 | F8: 0120482500 | G8: =COUNTIF(ukr_admgz_adm4!D:D,ukr_admgz_adm3!D8) -> 7
A9: UA | B9: UA01 | C9: UA0102 | D9: UA0102019 | E9: UA01020190000077808 | F9: 0120482900 | G9: =COUNTIF(ukr_admgz_adm4!D:D,ukr_admgz_adm3!D9) -> 6
A10: UA | B10: UA01 | C10: UA0102 | D10: UA0102025 | E10: UA01020250000083187 | F10: 0120483600 | G10: =COUNTIF(ukr_admgz_adm4!D:D,ukr_admgz_adm3!D10) -> 4
A11: UA | B11: UA01 | C11: UA0102 | D11: UA0102027 | E11: UA01020270000095791 | F11: 0120483900 | G11: =COUNTIF(ukr_admgz_adm4!D:D,ukr_admgz_adm3!D11) -> 4
A12: UA | B12: UA01 | C12: UA0102 | D12: UA0102029 | E12: UA01020290000023695 | F12: 0120455300 | G12: =COUNTIF(ukr_admgz_adm4!D:D,ukr_admgz_adm3!D12) -> 6
A13: UA | B13: UA01 | C13: UA0102 | D13: UA0102033 | E13: UA01020330000026857 | F13: 0120484400 | G13: =COUNTIF(ukr_admgz_adm4!D:D,ukr_admgz_adm3!D13) -> 2
... A826: UA | B826: UA26 | C826: UA2612 | D826: UA2612015 | E826: UA26120150000021671 | F826: 2611000000 | G826: =COUNTIF(ukr_admgz_adm4!D:D,ukr_admgz_adm3!D826) -> 2
A827: UA | B827: UA32 | C827: UA3200 | D827: UA3200000 | G827: =COUNTIF(ukr_admgz_adm4!D:D,ukr_admgz_adm3!D827) -> 2
A828: UA | B828: UA32 | C828: UA3202 | D828: UA3202001 | E828: UA32020010000093088 | F828: 3210300000 | G828: =COUNTIF(ukr_admgz_adm4!D:D,ukr_admgz_adm3!D828) -> 17
A829: UA | B829: UA32 | C829: UA3202 | D829: UA3202003 | E829: UA32020030000029575 | F829: 3221655100 | G829: =COUNTIF(ukr_admgz_adm4!D:D,ukr_admgz_adm3!D829) -> 34
A830: UA | B830: UA32 | C830: UA3202 | D830: UA3202005 | E830: UA32020050000062595 | F830: 3221455500 | G830: =COUNTIF(ukr_admgz_adm4!D:D,ukr_admgz_adm3!D830) -> 12
A831: UA | B831: UA32 | C831: UA3202 | D831: UA3202007 | E831: UA32020070000027895 | F831: 3221483600 | G831: =COUNTIF(ukr_admgz_adm4!D:D,ukr_admgz_adm3!D831) -> 9
A832: UA | B832: UA32 | C832: UA3202 | D832: UA3202009 | E832: UA32020090000022264 | F832: 3220483300 | G832: =COUNTIF(ukr_admgz_adm4!D:D,ukr_admgz_adm3!D832) -> 21
A833: UA | B833: UA32 | C833: UA3202 | D833: UA3202011 | E833: UA32020110000085875 | F833: 3220683200 | G833: =COUNTIF(ukr_admgz_adm4!D:D,ukr_admgz_adm3!D833) -> 12
A834: UA | B834: UA32 | C834: UA3202 | D834: UA3202013 | E834: UA32020130000010013 | F834: 3223755100 | G834: =COUNTIF(ukr_admgz_adm4!D:D,ukr_admgz_adm3!D834) -> 23
A835: UA | B835: UA32 | C835: UA3202 | D835: UA3202015 | E835: UA32020150000040878 | F835: 3224010100 | G835: =COUNTIF(ukr_admgz_adm4!D:D,ukr_admgz_adm3!D835) -> 45
A836: UA | B836: UA32 | C836: UA3202 | D836: UA3202017 | E836: UA32020170000020698 | F836: 3224255100 | G836: =COUNTIF(ukr_admgz_adm4!D:D,ukr_admgz_adm3!D836) -> 30
A837: UA | B837: UA32 | C837: UA3202 | D837: UA3202019 | E837: UA32020190000084133 | F837: 3224410100 | G837: =COUNTIF(ukr_admgz_adm4!D:D,ukr_admgz_adm3!D837) -> 35
A838: UA | B838: UA32 | C838: UA3202 | D838: UA3202021 | E838: UA32020210000064694 | F838: 3224610100 | G838: =COUNTIF(ukr_admgz_adm4!D:D,ukr_admgz_adm3!D838) -> 33
A839: UA | B839: UA32 | C839: UA3202 | D839: UA3202023 | E839: UA32020230000012716 | F839: 3220410500 | G839: =COUNTIF(ukr_admgz_adm4!D:D,ukr_admgz_adm3!D839) -> 20
... A1768: UA | B1768: UA74 | C1768: UA7410 | D1768: UA7410039 | E1768: UA74100390000073425 | F1768: 7410100000 | G1768: =COUNTIF(ukr_admgz_adm4!D:D,ukr_admgz_adm3!D1768) -> 1
A1769: UA | B1769: UA80 | C1769: UA8000 | D1769: UA8000000 | G1769: =COUNTIF(ukr_admgz_adm4!D:D,ukr_admgz_adm3!D1769) -> 1
A1770: UA | B1770: UA85 | C1770: UA8500 | D1770: UA8500000 | G1770: =COUNTIF(ukr_admgz_adm4!D:D,ukr_admgz_adm3!D1770) -> 1

Sheet ukr_admgz_adm4
A1: ADM0_PCODE | B1: ADM1_PCODE | C1: ADM2_PCODE | D1: ADM3_PCODE | E1: ADM4_PCODE | F1: Minrehion_CODE | G1: KOATUU_CODE
A2: =LEFT(E2,2) -> UA | B2: =LEFT(E2,4) -> UA01 | C2: =LEFT(E2,6) -> UA0102 | D2: =LEFT(E2,9) -> UA0102001 | E2: UA0102001001 | F2: UA01020010010075540 | G2: 8536990201
A3: =LEFT(E3,2) -> UA | B3: =LEFT(E3,4) -> UA01 | C3: =LEFT(E3,6) -> UA0102 | D3: =LEFT(E3,9) -> UA0102001 | E3: UA0102001002 | F3: UA01020010020030666 | G3: 8536990203
A4: =LEFT(E4,2) -> UA | B4: =LEFT(E4,4) -> UA01 | C4: =LEFT(E4,6) -> UA0102 | D4: =LEFT(E4,9) -> UA0102003 | E4: UA0102003001 | F4: UA01020030010043419 | G4: 0120480401
A5: =LEFT(E5,2) -> UA | B5: =LEFT(E5,4) -> UA01 | C5: =LEFT(E5,6) -> UA0102 | D5: =LEFT(E5,9) -> UA0102003 | E5: UA0102003002 | F5: UA01020030020095516 | G5: 0120480402
A6: =LEFT(E6,2) -> UA | B6: =LEFT(E6,4) -> UA01 | C6: =LEFT(E6,6) -> UA0102 | D6: =LEFT(E6,9) -> UA0102003 | E6: UA0102003003 | F6: UA01020030030055891 | G6: 0120480403
A7: =LEFT(E7,2) -> UA | B7: =LEFT(E7,4) -> UA01 | C7: =LEFT(E7,6) -> UA0102 | D7: =LEFT(E7,9) -> UA0102003 | E7: UA0102003004 | F7: UA01020030040087481 | G7: 0120480404
A8: =LEFT(E8,2) -> UA | B8: =LEFT(E8,4) -> UA01 | C8: =LEFT(E8,6) -> UA0102 | D8: =LEFT(E8,9) -> UA0102003 | E8: UA0102003005 | F8: UA01020030050049624 | G8: 0120480405
A9: =LEFT(E9,2) -> UA | B9: =LEFT(E9,4) -> UA01 | C9: =LEFT(E9,6) -> UA0102 | D9: =LEFT(E9,9) -> UA0102005 | E9: UA0102005001 | F9: UA01020050010045207 | G9: 0120410100
A10: =LEFT(E10,2) -> UA | B10: =LEFT(E10,4) -> UA01 | C10: =LEFT(E10,6) -> UA0102 | D10: =LEFT(E10,9) -> UA0102005 | E10: UA0102005002 | F10: UA01020050020067441 | G10: 0120445100
A11: =LEFT(E11,2) -> UA | B11: =LEFT(E11,4) -> UA01 | C11: =LEFT(E11,6) -> UA0102 | D11: =LEFT(E11,9) -> UA0102007 | E11: UA0102007001 | F11: UA01020070010032091 | G11: 8536990501
A12: =LEFT(E12,2) -> UA | B12: =LEFT(E12,4) -> UA01 | C12: =LEFT(E12,6) -> UA0102 | D12: =LEFT(E12,9) -> UA0102007 | E12: UA0102007002 | F12: UA01020070020014815 | G12: 8536990503
A13: =LEFT(E13,2) -> UA | B13: =LEFT(E13,4) -> UA01 | C13: =LEFT(E13,6) -> UA0102 | D13: =LEFT(E13,9) -> UA0102007 | E13: UA0102007003 | F13: UA01020070030047085 | G13: 8536990504
... A10027: =LEFT(E10027,2) -> UA | B10027: =LEFT(E10027,4) -> UA26 | C10027: =LEFT(E10027,6) -> UA2604 | D10027: =LEFT(E10027,9) -> UA2604039 | E10027: UA2604039007 | F10027: UA26040390070080034 | G10027: 2625888604
A10028: =LEFT(E10028,2) -> UA | B10028: =LEFT(E10028,4) -> UA26 | C10028: =LEFT(E10028,6) -> UA2604 | D10028: =LEFT(E10028,9) -> UA2604039 | E10028: UA2604039008 | F10028: UA26040390080042180
A10029: =LEFT(E10029,2) -> UA | B10029: =LEFT(E10029,4) -> UA26 | C10029: =LEFT(E10029,6) -> UA2606 | D10029: =LEFT(E10029,9) -> UA2606001 | E10029: UA2606001001 | F10029: UA26060010010092713 | G10029: 2610200000
A10030: =LEFT(E10030,2) -> UA | B10030: =LEFT(E10030,4) -> UA26 | C10030: =LEFT(E10030,6) -> UA2606 | D10030: =LEFT(E10030,9) -> UA2606001 | E10030: UA2606001002 | F10030: UA26060010020045600 | G10030: 2610291602
A10031: =LEFT(E10031,2) -> UA | B10031: =LEFT(E10031,4) -> UA26 | C10031: =LEFT(E10031,6) -> UA2606 | D10031: =LEFT(E10031,9) -> UA2606001 | E10031: UA2606001003 | F10031: UA26060010030047962 | G10031: 2610291603
A10032: =LEFT(E10032,2) -> UA | B10032: =LEFT(E10032,4) -> UA26 | C10032: =LEFT(E10032,6) -> UA2606 | D10032: =LEFT(E10032,9) -> UA2606001 | E10032: UA2606001004 | F10032: UA26060010040047878 | G10032: 2610290601
A10033: =LEFT(E10033,2) -> UA | B10033: =LEFT(E10033,4) -> UA26 | C10033: =LEFT(E10033,6) -> UA2606 | D10033: =LEFT(E10033,9) -> UA2606001 | E10033: UA2606001005 | F10033: UA26060010050051072 | G10033: 2610291403
A10034: =LEFT(E10034,2) -> UA | B10034: =LEFT(E10034,4) -> UA26 | C10034: =LEFT(E10034,6) -> UA2606 | D10034: =LEFT(E10034,9) -> UA2606001 | E10034: UA2606001006 | F10034: UA26060010060012260 | G10034: 2610291001
A10035: =LEFT(E10035,2) -> UA | B10035: =LEFT(E10035,4) -> UA26 | C10035: =LEFT(E10035,6) -> UA2606 | D10035: =LEFT(E10035,9) -> UA2606001 | E10035: UA2606001007 | F10035: UA26060010070093416 | G10035: 2610291401
A10036: =LEFT(E10036,2) -> UA | B10036: =LEFT(E10036,4) -> UA26 | C10036: =LEFT(E10036,6) -> UA2606 | D10036: =LEFT(E10036,9) -> UA2606001 | E10036: UA2606001008 | F10036: UA26060010080019736 | G10036: 2610291601
A10037: =LEFT(E10037,2) -> UA | B10037: =LEFT(E10037,4) -> UA26 | C10037: =LEFT(E10037,6) -> UA2606 | D10037: =LEFT(E10037,9) -> UA2606001 | E10037: UA2606001009 | F10037: UA26060010090024376 | G10037: 2610291002
A10038: =LEFT(E10038,2) -> UA | B10038: =LEFT(E10038,4) -> UA26 | C10038: =LEFT(E10038,6) -> UA2606 | D10038: =LEFT(E10038,9) -> UA2606001 | E10038: UA2606001010 | F10038: UA26060010100042353 | G10038: 2610292005
A10039: =LEFT(E10039,2) -> UA | B10039: =LEFT(E10039,4) -> UA26 | C10039: =LEFT(E10039,6) -> UA2606 | D10039: =LEFT(E10039,9) -> UA2606001 | E10039: UA2606001011 | F10039: UA26060010110044887 | G10039: 2610292001
A10040: =LEFT(E10040,2) -> UA | B10040: =LEFT(E10040,4) -> UA26 | C10040: =LEFT(E10040,6) -> UA2606 | D10040: =LEFT(E10040,9) -> UA2606003 | E10040: UA2606003001 | F10040: UA26060030010070530 | G10040: 2624855400
... A29709: =LEFT(E29709,2) -> UA | B29709: =LEFT(E29709,4) -> UA85 | C29709: =LEFT(E29709,6) -> UA8500 | D29709: =LEFT(E29709,9) -> UA8500000 | E29709: UA8500000000 | F29709: UA85000000000065278 | G29709: 8500000000
